_id,large_category,middle_category,small_category,image_url,title,old_price,new_price,discount_rate,review_count,isSoldout
6631fec1d3631010d2c4d961,living,문구,펜/노트,https://cafe24img.poxo.com/wigglewiggle20/web/product/medium/202403/e32e3eb0fb25c679ca99717c63b1a652.jpg,하드 커버 스프링 노트 - Spring Garden,16500,14800,10%,11,true
6631fec1d3631010d2c4d962,living,문구,펜/노트,https://cafe24img.poxo.com/wigglewiggle20/web/product/medium/202403/99725e12df2b885731286e78197b7881.jpg,PVC 펜,4500,4500,,84,true
6631fec1d3631010d2c4d963,living,문구,펜/노트,https://cafe24img.poxo.com/wigglewiggle20/web/product/medium/202401/d02e3ab53a0591b9c870f78f5c22e899.jpg,[벨리곰X위글위글] PVC 펜 - Twin Bears,4500,4500,,84,true
6631fec1d3631010d2c4d964,living,문구,펜/노트,https://cafe24img.poxo.com/wigglewiggle20/web/product/medium/202310/15b85bfbb0f4fd442163ca647eaf2e44.jpg,[벨리곰X위글위글] 스프링 노트 - Twin Bears,14500,13200,9%,31,true
6631fec1d3631010d2c4d965,living,문구,펜/노트,https://cafe24img.poxo.com/wigglewiggle20/web/product/medium/202401/16f0e650ab9373de143bac6523f4ef41.jpg,PVC 펜,4500,4500,,192,true
6631fec1d3631010d2c4d966,living,문구,펜/노트,https://cafe24img.poxo.com/wigglewiggle20/web/product/medium/202303/a2b73d5b39e04edf3ce9f44855bafcb5.jpg,스탬프 볼펜 - Rainbow Crush,7000,6300,10%,101,true
6631fec1d3631010d2c4d967,living,문구,펜/노트,https://cafe24img.poxo.com/wigglewiggle20/web/product/medium/202401/0d6b8867205772a35f1deb375700e286.jpg,트윙클 스프링 노트,14500,13200,9%,100,true
6631fed1d3631010d2c4d969,living,문구,자/마그넷/스테이플러,https://cafe24img.poxo.com/wigglewiggle20/web/product/medium/202402/0486a9df382da0170b9d41b5b42906e4.jpg,아크릴 자,7100,6300,,81,false
6631fed1d3631010d2c4d96a,living,문구,자/마그넷/스테이플러,https://cafe24img.poxo.com/wigglewiggle20/web/product/medium/202401/0b6d8e07fe02dfdd35bab21b61fbfedc.jpg,줄자,8800,7900,10%,"1,846",false
6631fed1d3631010d2c4d96b,living,문구,자/마그넷/스테이플러,https://cafe24img.poxo.com/wigglewiggle20/web/product/medium/202302/2e6bf967e0e4c707c8846c595a9d1882.jpg,빅마그넷 클립 세트,14800,11600,,287,false
6631fed1d3631010d2c4d96c,living,문구,자/마그넷/스테이플러,https://cafe24img.poxo.com/wigglewiggle20/web/product/medium/202404/62f282dd712c1c6bc49d222fec86b3a6.jpg,스테이플러,14400,12900,10%,12,false
6631fedbd3631010d2c4d96e,living,문구,카드/데코용품,https://cafe24img.poxo.com/wigglewiggle20/web/product/medium/202307/4dc8dafe5de429001686614cf33b915d.jpg,스티키 메모 세트 - Little Buddy Nametag,12600,11900,6%,49,false
6631fedbd3631010d2c4d96f,living,문구,카드/데코용품,https://cafe24img.poxo.com/wigglewiggle20/web/product/medium/202403/497e6ddaaae2aa3c2c19886883f295aa.jpg,마스킹 테이프 3종 SET - Spring Garden,8700,7800,10%,33,false
6631fedbd3631010d2c4d970,living,문구,카드/데코용품,https://cafe24img.poxo.com/wigglewiggle20/web/product/medium/202403/e7394d080a041fbd2d8b305bebffb0df.jpg,포인트 스티커,1500,1500,,15,false
6631fedbd3631010d2c4d971,living,문구,카드/데코용품,https://cafe24img.poxo.com/wigglewiggle20/web/product/medium/202402/f6c96bd9df450bc2610224714ca29103.jpg,마스킹 테이프,4400,4000,9%,127,false
6631fedbd3631010d2c4d972,living,문구,카드/데코용품,https://cafe24img.poxo.com/wigglewiggle20/web/product/medium/202402/d59d5de45edf934a5b0b86f7fa6f143f.jpg,테이프 커터기,15800,14300,9%,46,false
6631fedbd3631010d2c4d973,living,문구,카드/데코용품,https://cafe24img.poxo.com/wigglewiggle20/web/product/medium/202307/af49daf4e42a578bb7040752c68ed3fb.jpg,스티키 메모 세트 - Daily Record,12600,11900,6%,39,false
6631fedbd3631010d2c4d974,living,문구,카드/데코용품,https://cafe24img.poxo.com/wigglewiggle20/web/product/medium/202311/11b9e92e54684b09a839a5ed0666fc27.jpg,팝업 카드 - Blooming,6500,6500,,24,false
6631fedbd3631010d2c4d975,living,문구,카드/데코용품,https://cafe24img.poxo.com/wigglewiggle20/web/product/medium/202307/6fe4aad748df63c3bf4c2f5ebb5460a3.jpg,스티키 메모 세트 - Triple Wiggles,12600,11900,6%,57,false
6631fedbd3631010d2c4d976,living,문구,카드/데코용품,https://cafe24img.poxo.com/wigglewiggle20/web/product/medium/202404/6fdea2e5939c3a9d819988385f1acc9b.png,엽서,1500,1500,,1,false
6631fedbd3631010d2c4d977,living,문구,카드/데코용품,https://cafe24img.poxo.com/wigglewiggle20/web/product/medium/202311/27983f95cd91c12ed6d3445b9eb3b4fb.jpg,팝업 카드 - Party Time,6500,6500,,10,false
6631fedbd3631010d2c4d978,living,문구,카드/데코용품,https://cafe24img.poxo.com/wigglewiggle20/web/product/medium/202404/21d359b0bad6551c9f281997f5e463db.webp,인테리어 포스터,8800,7900,10%,3,false
6631fedbd3631010d2c4d979,living,문구,카드/데코용품,https://cafe24img.poxo.com/wigglewiggle20/web/product/medium/202401/2c0d76f40205130b8e2ebc0eb97a32fc.jpg,리무버블 스티커,10900,8700,,27,false
6631fedbd3631010d2c4d97a,living,문구,카드/데코용품,https://cafe24img.poxo.com/wigglewiggle20/web/product/medium/202404/35168cc6cef2dd3442c39c4b61543415.jpg,모니터 메모보드,8800,7900,10%,,false
6631fee4d3631010d2c4d97c,living,미용/욕실용품,칫솔/살균기/홀더,https://cafe24img.poxo.com/wigglewiggle20/web/product/medium/202310/90572a14f9ee4c94e3c1d70799ab6f40.webp,칫솔 홀더 - Wiggle Bear,20800,16300,,181,false
6631fee4d3631010d2c4d97d,living,미용/욕실용품,칫솔/살균기/홀더,https://cafe24img.poxo.com/wigglewiggle20/web/product/medium/202401/104b0d82d16fad2bfee3eadbe2b414c5.jpg,칫솔 살균기,39800,31800,,411,false
6631fee4d3631010d2c4d97e,living,미용/욕실용품,칫솔/살균기/홀더,https://cafe24img.poxo.com/wigglewiggle20/web/product/medium/202310/73c965ec2357072b6e12765207b17684.jpg,칫솔 홀더 - Rainbow Smile,28800,22800,,162,false
6631fee4d3631010d2c4d97f,living,미용/욕실용품,칫솔/살균기/홀더,https://cafe24img.poxo.com/wigglewiggle20/web/product/medium/202309/497cf12317c04745461670370723e0e9.webp,칫솔 홀더 - Lobster,20800,16300,,126,false
6631feecd3631010d2c4d981,living,미용/욕실용품,욕실슬리퍼,https://cafe24img.poxo.com/wigglewiggle20/web/product/medium/202309/9750282c535aeec9b3268837b8142f81.jpg,욕실 슬리퍼 - Rainbow Smile,21800,18900,,410,false
6631feedd3631010d2c4d982,living,미용/욕실용품,욕실슬리퍼,https://cafe24img.poxo.com/wigglewiggle20/web/product/medium/202311/a47d7d3a37cee5216e3f62e54ea6db2d.jpg,[벨리곰X위글위글] 욕실 슬리퍼,21800,18900,,169,false
6631feedd3631010d2c4d983,living,미용/욕실용품,욕실슬리퍼,https://cafe24img.poxo.com/wigglewiggle20/web/product/medium/202304/891e866cff3c10b6ecb9469542ee3354.jpg,욕실 슬리퍼 - Forest,21800,18900,,531,false
6631feedd3631010d2c4d984,living,미용/욕실용품,욕실슬리퍼,https://cafe24img.poxo.com/wigglewiggle20/web/product/medium/202304/16d248dea67de535a57da971521d6778.jpg,욕실 슬리퍼 - Bubble Bear,21800,18900,,342,false
6631feedd3631010d2c4d985,living,미용/욕실용품,욕실슬리퍼,https://cafe24img.poxo.com/wigglewiggle20/web/product/medium/202402/21d68a383b151bfb6d929e2347c92c24.jpg,욕실 슬리퍼 - Cloud Bear,21800,18900,,37,false
6631feedd3631010d2c4d986,living,미용/욕실용품,욕실슬리퍼,https://cafe24img.poxo.com/wigglewiggle20/web/product/medium/202402/5c1cef7d40c367624c0c5dcb24a69937.jpg,키즈 욕실슬리퍼(210) - Rainbow Smile,18600,16700,10%,27,false
6631feedd3631010d2c4d987,living,미용/욕실용품,욕실슬리퍼,https://cafe24img.poxo.com/wigglewiggle20/web/product/medium/202402/6c9a1c434d5f83cd9d6f19266b7d07e3.jpg,키즈 욕실슬리퍼(195) - Cloud Bear,18600,16700,10%,24,false
6631fef5d3631010d2c4d989,living,미용/욕실용품,타월/세안밴드,https://cafe24img.poxo.com/wigglewiggle20/web/product/medium/202401/6729383f70631d8771edfc7a9e0b951d.png,세안밴드,15200,13800,9%,404,false
6631fef6d3631010d2c4d98a,living,미용/욕실용품,타월/세안밴드,https://cafe24img.poxo.com/wigglewiggle20/web/product/medium/202309/f2a2a5232507309dd8ffa5e86f36bbc4.jpg,페이스타월 SET - Cherry,33800,23500,,45,false
6631fef6d3631010d2c4d98b,living,미용/욕실용품,타월/세안밴드,https://cafe24img.poxo.com/wigglewiggle20/web/product/medium/202309/7e9a16abf48f571f76522c10bebdf306.jpg,페이스타월 SET - Don't Panic,33800,23500,,25,false
6631fefed3631010d2c4d98d,living,미용/욕실용품,네일용품,https://cafe24img.poxo.com/wigglewiggle20/web/product/medium/202308/863288eef01cb7f3ec62aa5ecd546efb.jpg,UV 스탠드 램프 - Smile We Love,54800,29800,,7,false
6631fefed3631010d2c4d98e,living,미용/욕실용품,네일용품,https://cafe24img.poxo.com/wigglewiggle20/web/product/medium/202402/211fd0cfd0f4ca2b8dcfb906a9912199.jpg,손톱깎이 세트 - Smile We Love,16900,16000,5%,981,false
6631fefed3631010d2c4d98f,living,미용/욕실용품,네일용품,https://cafe24img.poxo.com/wigglewiggle20/web/product/medium/202402/a5ba0e7b525808244db4b8a9efc1928d.jpg,손톱깎이 세트 - Smile We Love Pink,16900,16000,5%,135,false
6631ff07d3631010d2c4d991,living,홈데코,홈슬리퍼,https://cafe24img.poxo.com/wigglewiggle20/web/product/medium/202302/e9fe09c012a51624ab3b0ced1c47f2d7.jpg,뽀글이홈슬리퍼 - Smile We Love,17800,15700,,457,false
6631ff07d3631010d2c4d992,living,홈데코,홈슬리퍼,https://cafe24img.poxo.com/wigglewiggle20/web/product/medium/202310/ee2041e008b0b5afa63e67ea31953e64.jpg,프린팅 홈슬리퍼 - Blooming,28900,25200,,67,false
6631ff07d3631010d2c4d993,living,홈데코,홈슬리퍼,https://cafe24img.poxo.com/wigglewiggle20/web/product/medium/202310/0d8d5477c7af070e3cce0bd460dc9802.jpg,프린팅 홈슬리퍼 - Couch Potato,28900,25200,,60,false
6631ff0fd3631010d2c4d995,living,홈데코,쿠션/담요/매트,https://cafe24img.poxo.com/wigglewiggle20/web/product/medium/202212/d3029e525b24780e575875fee898b997.jpg,발매트 - Smile Rainbow,23000,19200,,783,false
6631ff10d3631010d2c4d996,living,홈데코,쿠션/담요/매트,https://cafe24img.poxo.com/wigglewiggle20/web/product/medium/202302/6bf41b2e0e1741dd7556cdf23496535f.jpg,발매트(L) - Smile We Love,39800,31400,,653,false
6631ff10d3631010d2c4d997,living,홈데코,쿠션/담요/매트,https://cafe24img.poxo.com/wigglewiggle20/web/product/medium/202208/0e1159c49f54f36e07495aac36b877e3.jpg,발매트(S) - Smile We Love,23000,19200,,558,false
6631ff10d3631010d2c4d998,living,홈데코,쿠션/담요/매트,https://cafe24img.poxo.com/wigglewiggle20/web/product/medium/202302/28fab1fdcc9a2f756ee3da3deacace3f.jpg,발매트(S) - Teddy Bear,23000,19200,,399,false
6631ff10d3631010d2c4d999,living,홈데코,쿠션/담요/매트,https://cafe24img.poxo.com/wigglewiggle20/web/product/medium/202302/283e5fb95275093ae1313e155a966543.jpg,쿠션담요 - Smile We Love,42800,31800,,501,false
6631ff10d3631010d2c4d99a,living,홈데코,쿠션/담요/매트,https://cafe24img.poxo.com/wigglewiggle20/web/product/medium/202302/a4054f09ea23d52b4043e547766f8202.jpg,쿠션담요 - Teddy Bear,42800,31800,,461,false
6631ff10d3631010d2c4d99b,living,홈데코,쿠션/담요/매트,https://cafe24img.poxo.com/wigglewiggle20/web/product/medium/202311/d54146dab48215d1339309bf15ffa097.jpg,[벨리곰X위글위글] 발매트,29600,26900,9%,80,false
6631ff10d3631010d2c4d99c,living,홈데코,쿠션/담요/매트,https://cafe24img.poxo.com/wigglewiggle20/web/product/medium/202402/b95babc7038001292e440ea6cf09f5a6.jpg,쿠션커버,27600,23000,,72,false
6631ff10d3631010d2c4d99d,living,홈데코,쿠션/담요/매트,https://cafe24img.poxo.com/wigglewiggle20/web/product/medium/202302/fdfd246c2dd2505839d7f689846e9df0.jpg,사각 러그 - Checkerboard,49800,43800,,558,false
6631ff10d3631010d2c4d99e,living,홈데코,쿠션/담요/매트,https://cafe24img.poxo.com/wigglewiggle20/web/product/medium/202310/2570503f5678c820bbdd73b5b907616e.jpg,프린팅 발매트 - Pizza Time,32800,25800,,34,false
6631ff10d3631010d2c4d99f,living,홈데코,쿠션/담요/매트,https://cafe24img.poxo.com/wigglewiggle20/web/product/medium/202205/71ceedb3a6de6702e3a92cf7f67f4ed2.jpg,사각 러그 - Camping Bear,49800,43800,,558,false
6631ff10d3631010d2c4d9a0,living,홈데코,쿠션/담요/매트,https://cafe24img.poxo.com/wigglewiggle20/web/product/medium/202310/dfab15b3ffaaa7addfde3b5ea27709a5.jpg,프린팅 발매트 - Blooming,32800,25800,,35,false
6631ff10d3631010d2c4d9a1,living,홈데코,쿠션/담요/매트,https://cafe24img.poxo.com/wigglewiggle20/web/product/medium/202212/6135e26b121eb27f261698666f2244cc.jpg,발매트 - Forest,23000,19200,,851,false
6631ff18d3631010d2c4d9a3,living,홈데코,조명/포스터,https://cafe24img.poxo.com/wigglewiggle20/web/product/medium/202404/38ea3952e7735f5ad67d980ecfee9dcd.jpg,[디스모먼트 X 위글위글] 인테리어 포스터 - Seoul,8800,7900,10%,,false
6631ff18d3631010d2c4d9a4,living,홈데코,조명/포스터,https://cafe24img.poxo.com/wigglewiggle20/web/product/medium/202404/21d359b0bad6551c9f281997f5e463db.webp,인테리어 포스터,8800,7900,10%,3,false
6631ff18d3631010d2c4d9a5,living,홈데코,조명/포스터,https://cafe24img.poxo.com/wigglewiggle20/web/product/medium/202402/bd67a362fba7cf5de556f6c66f0a3f7b.jpg,터치 무드등 - Smile & Wiggle Bear,33200,29800,10%,66,false
6631ff21d3631010d2c4d9a7,living,주방용품,컵/머그,https://cafe24img.poxo.com/wigglewiggle20/web/product/medium/202403/f77707ad57952ea3301f27beadb914e0.jpg,티팟 & 티컵 SET - Retro Smile,54900,45900,,15,false
6631ff21d3631010d2c4d9a8,living,주방용품,컵/머그,https://cafe24img.poxo.com/wigglewiggle20/web/product/medium/202403/7cd8ba970909ed93de261bd779a1d602.jpg,에코 밤부 머그컵 - Spring Garden,14800,12900,,9,false
6631ff21d3631010d2c4d9a9,living,주방용품,컵/머그,https://cafe24img.poxo.com/wigglewiggle20/web/product/medium/202302/4ea36374de9e7ed6e41a3048f3b89276.jpg,[글라스락X위글위글] 유리컵 - Smile We Love 2개 SET,17800,15700,,924,false
6631ff21d3631010d2c4d9aa,living,주방용품,컵/머그,https://cafe24img.poxo.com/wigglewiggle20/web/product/medium/202302/c487f733cdf796547de5bb0039c4ffe3.jpg,에코 밤부 머그컵 - Smile We Love,14800,12900,,200,false
6631ff21d3631010d2c4d9ab,living,주방용품,컵/머그,https://cafe24img.poxo.com/wigglewiggle20/web/product/medium/202403/a8a35d46b31db8825e501d4aa2452867.jpg,에코 밤부 머그컵 - Smile Check,14800,12900,,120,false
6631ff21d3631010d2c4d9ac,living,주방용품,컵/머그,https://cafe24img.poxo.com/wigglewiggle20/web/product/medium/202109/51ff0fde24ae9d1fcbc193cbfab33a0c.jpg,에코 밤부 머그컵 - Smile We Love Check,14800,12900,,74,false
6631ff21d3631010d2c4d9ad,living,주방용품,컵/머그,https://cafe24img.poxo.com/wigglewiggle20/web/product/medium/202307/162aabf10ec96a7532a42732d7efc730.jpg,콜드컵 - Stardust Soda,21000,15700,,57,false
6631ff21d3631010d2c4d9ae,living,주방용품,컵/머그,https://cafe24img.poxo.com/wigglewiggle20/web/product/medium/202404/76252435b3b93afbb8cd1ff0dbf8ba6a.jpg,[글라스락X위글위글] 하이볼 글라스 세트 - Wiggle Bear,15900,12800,,1,false
6631ff21d3631010d2c4d9af,living,주방용품,컵/머그,https://cafe24img.poxo.com/wigglewiggle20/web/product/medium/202404/bb5165f51356a98809e977b5edeb5453.jpg,[글라스락X위글위글] 주류 선물세트,21900,17700,,1,false
6631ff21d3631010d2c4d9b0,living,주방용품,컵/머그,https://cafe24img.poxo.com/wigglewiggle20/web/product/medium/202404/ea130fbe67db091eac53069fa428d1bd.jpg,[글라스락X위글위글] 하이볼 글라스 세트 - Smile We Love,15900,12800,,1,false
6631ff21d3631010d2c4d9b1,living,주방용품,컵/머그,https://cafe24img.poxo.com/wigglewiggle20/web/product/medium/202404/e0fea1872607fef2152d7cee8e53afe1.jpg,[글라스락X위글위글] 가든 머그 490ml,15900,12800,,,false
6631ff21d3631010d2c4d9b2,living,주방용품,컵/머그,https://cafe24img.poxo.com/wigglewiggle20/web/product/medium/202404/aed3d1150f45d0ad91bdca6b9ac88ae1.jpg,[글라스락X위글위글] 가든 머그 380ml,13900,11200,,,false
6631ff21d3631010d2c4d9b3,living,주방용품,컵/머그,https://cafe24img.poxo.com/wigglewiggle20/web/product/medium/202402/b90833d36ae5b0f4d04f44ed826ab46c.jpg,메이크 어 포터리 컵,124000,109500,,3,false
6631ff21d3631010d2c4d9b4,living,주방용품,컵/머그,https://cafe24img.poxo.com/wigglewiggle20/web/product/medium/202309/4e87c3a3825b499e1721dc8a896d2602.jpg,[글라스락X위글위글] 실리콘 스파우트 컵  - Blue,24900,20100,,19,false
6631ff21d3631010d2c4d9b5,living,주방용품,컵/머그,https://cafe24img.poxo.com/wigglewiggle20/web/product/medium/202310/d28fdf377ae21f67c54c7a90eaf13c64.jpg,[글라스락X위글위글] 이유식 4종 SET,39900,32300,,16,false
6631ff21d3631010d2c4d9b6,living,주방용품,컵/머그,https://cafe24img.poxo.com/wigglewiggle20/web/product/medium/202309/ed94869d68ebbf981440dfa78300422f.jpg,[글라스락X위글위글] 실리콘 스파우트 컵  - Yellow,24900,20100,,13,false
6631ff2ad3631010d2c4d9b8,living,주방용품,텀블러,https://cafe24img.poxo.com/wigglewiggle20/web/product/medium/202308/fa4962a95e802296be47a2c5715b6c73.jpg,[락앤락X위글위글] 쉐이크 텀블러 - Muscle Bear,24900,18500,,478,false
6631ff2ad3631010d2c4d9b9,living,주방용품,텀블러,https://cafe24img.poxo.com/wigglewiggle20/web/product/medium/202209/577ab19324b72773e0d33727210c17cb.jpg,스트랩 텀블러 - Smile We Love,27800,25100,10%,515,false
6631ff2ad3631010d2c4d9ba,living,주방용품,텀블러,https://cafe24img.poxo.com/wigglewiggle20/web/product/medium/202402/43b1c80bfc2d2f0dee335ebe8f3c540c.jpg,[락앤락X위글위글] 메트로 텀블러,33000,27600,,640,false
6631ff2ad3631010d2c4d9bb,living,주방용품,텀블러,https://cafe24img.poxo.com/wigglewiggle20/web/product/medium/202208/2419d05dd9030fe057df9b472c1fca56.jpg,[락앤락X위글위글] 테이블 머그,28000,23400,,284,false
6631ff2ad3631010d2c4d9bc,living,주방용품,텀블러,https://cafe24img.poxo.com/wigglewiggle20/web/product/medium/202302/34312643e845df8a7f27d41a8079ef71.jpg,[락앤락X위글위글] 스윙 텀블러,29800,28300,5%,707,false
6631ff32d3631010d2c4d9be,living,주방용품,주방소품,https://cafe24img.poxo.com/wigglewiggle20/web/product/medium/202401/2a805e9f60b2eb4ad5bf2c5415a202ac.jpg,펄프 수세미 - Cereal,14900,12400,,89,false
6631ff32d3631010d2c4d9bf,living,주방용품,주방소품,https://cafe24img.poxo.com/wigglewiggle20/web/product/medium/202401/5f61ae1747aecf84fb63d53dd4f77aa6.jpg,펄프 수세미 - Donut Box,14900,12400,,88,false
6631ff32d3631010d2c4d9c0,living,주방용품,주방소품,https://cafe24img.poxo.com/wigglewiggle20/web/product/medium/202306/bb5b173ec198fdb3b36a2becdec5c3ee.jpg,펄프 수세미 - Brunch Day,14900,12400,,327,false
6631ff32d3631010d2c4d9c1,living,주방용품,주방소품,https://cafe24img.poxo.com/wigglewiggle20/web/product/medium/202306/54cfb8eee7c1fce99f69c00b2971de33.jpg,펄프 수세미 - Dessert Time,14900,12400,,247,false
6631ff32d3631010d2c4d9c2,living,주방용품,주방소품,https://cafe24img.poxo.com/wigglewiggle20/web/product/medium/202307/1c2930c380a01abff6081db766dfd1e1.png,아이스 트레이 - Wiggle Friends,16300,13800,,180,false
6631ff32d3631010d2c4d9c3,living,주방용품,주방소품,https://cafe24img.poxo.com/wigglewiggle20/web/product/medium/202402/95e61ba99d82b7caafc3634dcb472427.jpg,마그넷 오프너,14500,12200,,35,false
6631ff32d3631010d2c4d9c4,living,주방용품,주방소품,https://cafe24img.poxo.com/wigglewiggle20/web/product/medium/202401/56476785924f2c374e7b3b00628c344e.jpeg,[기은세X위글위글] 주방장갑 & 앞치마 SET - Smile Stripe,79000,47400,,44,false
6631ff32d3631010d2c4d9c5,living,주방용품,주방소품,https://cafe24img.poxo.com/wigglewiggle20/web/product/medium/202401/9d5699555eaf3830e4779e3fc86110d2.jpeg,[기은세X위글위글] 오븐장갑 & 숏앞치마 SET - Blooming Garden,79000,51100,,33,false
6631ff32d3631010d2c4d9c6,living,주방용품,주방소품,https://cafe24img.poxo.com/wigglewiggle20/web/product/medium/202401/dfd6434d3a6e5c4fc8fd39242d9fa9b5.jpeg,[기은세X위글위글] 오븐장갑 & 숏앞치마 SET - Smile Stripe,79000,51100,,17,false
6631ff32d3631010d2c4d9c7,living,주방용품,주방소품,https://cafe24img.poxo.com/wigglewiggle20/web/product/medium/202404/c727e1cc8cc5cc2c82609555411eb670.jpg,입체 마그넷,14100,12600,,,false
6631ff32d3631010d2c4d9c8,living,주방용품,주방소품,https://cafe24img.poxo.com/wigglewiggle20/web/product/medium/202404/33ca6cf196a8bac57f921e09f0c510dd.jpg,[디스모먼트 X 위글위글] 아크릴 마그넷 - Seoul,5900,5300,10%,,false
6631ff3bd3631010d2c4d9ca,living,파티용품,초/데코용품,https://cafe24img.poxo.com/wigglewiggle20/web/product/medium/202205/51610a458ac852564ed863dd3562c454.jpg,해피 캔들 - Smile We Love_B,4800,3600,,139,false
6631ff3bd3631010d2c4d9cb,living,파티용품,초/데코용품,https://cafe24img.poxo.com/wigglewiggle20/web/product/medium/202401/657d43664ef1949227d81326e5068330.jpg,빅 파티초,6900,4400,,210,false
6631ff3bd3631010d2c4d9cc,living,파티용품,초/데코용품,https://cafe24img.poxo.com/wigglewiggle20/web/product/medium/202311/11b9e92e54684b09a839a5ed0666fc27.jpg,팝업 카드 - Blooming,6500,6500,,24,false
6631ff3bd3631010d2c4d9cd,living,파티용품,초/데코용품,https://cafe24img.poxo.com/wigglewiggle20/web/product/medium/202205/cc55e4b32dc3e4b9b231c5aa6af916b9.jpg,해피 캔들 - Bear,4800,3600,,40,false
6631ff3bd3631010d2c4d9ce,living,파티용품,초/데코용품,https://cafe24img.poxo.com/wigglewiggle20/web/product/medium/202402/53d5c427bdae679f82fc107f9c1b918a.jpg,파티 허니콤,7600,6900,9%,15,false
6631ff3bd3631010d2c4d9cf,living,파티용품,초/데코용품,https://cafe24img.poxo.com/wigglewiggle20/web/product/medium/202311/27983f95cd91c12ed6d3445b9eb3b4fb.jpg,팝업 카드 - Party Time,6500,6500,,10,false
6631ff3bd3631010d2c4d9d0,living,파티용품,초/데코용품,https://cafe24img.poxo.com/wigglewiggle20/web/product/medium/202208/f0628cb600159e7c8de8b37720537879.jpg,해피 캔들 - Forever Love,4800,3600,,28,false
6631ff3bd3631010d2c4d9d1,living,파티용품,초/데코용품,https://cafe24img.poxo.com/wigglewiggle20/web/product/medium/202205/14ed447b8996dfe20f522be59a1b679c.jpg,해피 캔들 - Carnation,4800,3600,,19,false
6631ff3bd3631010d2c4d9d2,living,파티용품,초/데코용품,https://cafe24img.poxo.com/wigglewiggle20/web/product/medium/202205/bd633e5330849b4eb6b89a007390df30.jpg,해피 캔들 - Smile We Love,4800,3600,,25,false
6631ff3bd3631010d2c4d9d3,living,파티용품,초/데코용품,https://cafe24img.poxo.com/wigglewiggle20/web/product/medium/202205/08a69cbfec53e4fb865423005656ccec.jpg,해피 캔들 - Fire,4800,3600,,10,false
6631ff3bd3631010d2c4d9d4,living,파티용품,초/데코용품,https://cafe24img.poxo.com/wigglewiggle20/web/product/medium/202304/7aff6c85879b31b092581ea4120c2630.jpg,해피 캔들 - Smile We Love_B 3SET,14400,10500,,32,false
6631ff3bd3631010d2c4d9d5,living,파티용품,초/데코용품,https://cafe24img.poxo.com/wigglewiggle20/web/product/medium/202208/92d79a6e48b2ffd25d1f1de2cb298f39.jpg,해피 캔들 - Poodle,4800,3600,,14,false
6631ff3bd3631010d2c4d9d6,living,파티용품,초/데코용품,https://cafe24img.poxo.com/wigglewiggle20/web/product/medium/202205/8d5f711c4d37f7cfa2c72d8a0cfd90a1.jpg,해피 캔들 - Beer,4800,3600,,4,false
6631ff3cd3631010d2c4d9d7,living,파티용품,초/데코용품,https://cafe24img.poxo.com/wigglewiggle20/web/product/medium/202304/3579574916533eb719a3e3a4e8f5c02b.jpg,해피 캔들 - Bear 3SET,14400,10500,,10,false
6631ff3cd3631010d2c4d9d8,living,파티용품,초/데코용품,https://cafe24img.poxo.com/wigglewiggle20/web/product/medium/202304/0fa5b1c23b6212c4dc871e373b08541e.jpg,해피 캔들 - Smile We Love 3SET,14400,10500,,7,false
6631ff3cd3631010d2c4d9d9,living,파티용품,초/데코용품,https://cafe24img.poxo.com/wigglewiggle20/web/product/medium/202304/8b75edf8b9f25ded9c4922bd7aa5451d.jpg,해피 캔들 - Fire 3SET,14400,10500,,3,false
6631ff3cd3631010d2c4d9da,living,파티용품,초/데코용품,https://cafe24img.poxo.com/wigglewiggle20/web/product/medium/202304/88d86eaa15a1a954843f570a3d6ce85a.jpg,해피 캔들 - Forever Love 3SET,14400,10500,,7,false
6631ff3cd3631010d2c4d9db,living,파티용품,초/데코용품,https://cafe24img.poxo.com/wigglewiggle20/web/product/medium/202304/385e74e482779bb696bf227785f18de4.jpg,해피 캔들 - Tulip 3SET,14400,10500,,3,false
6631ff3cd3631010d2c4d9dc,living,파티용품,초/데코용품,https://cafe24img.poxo.com/wigglewiggle20/web/product/medium/202304/5f01a1313479a0086b1855397e0f1712.jpg,해피 캔들 - Carnation 3SET,14400,10500,,6,false
6631ff3cd3631010d2c4d9dd,living,파티용품,초/데코용품,https://cafe24img.poxo.com/wigglewiggle20/web/product/medium/202304/7569ed2199a0bad94d3b78cc5a3b0a8b.jpg,해피 캔들 - Poodle 3SET,14400,10500,,6,false
6631ff3cd3631010d2c4d9de,living,파티용품,초/데코용품,https://cafe24img.poxo.com/wigglewiggle20/web/product/medium/202304/3541f25440cdf57f6e65baf523f57ae6.jpg,해피 캔들 - Beer 3SET,14400,10500,,3,false
6631ff44d3631010d2c4d9e0,living,파티용품,파티컵,https://cafe24img.poxo.com/wigglewiggle20/web/product/medium/202310/b3bc3974edc40b8713ab6aef3d71d08d.jpg,리유저블 파티컵 세트 - Smile We Love,14900,12400,,916,false
6631ff44d3631010d2c4d9e1,living,파티용품,파티컵,https://cafe24img.poxo.com/wigglewiggle20/web/product/medium/202305/dd5954d998c6431d0ac5bc05f0cc09d7.png,리유저블 파티컵 세트 - Cherry & Bear,14900,12400,,370,false
6631ff4dd3631010d2c4d9e3,fashion,의류,로브/랩타월,https://cafe24img.poxo.com/wigglewiggle20/web/product/medium/202402/1f8d75285d6975e25ef9eb0039699084.jpg,라운지 로브  - Teddy Bear,119000,99900,,491,false
6631ff4dd3631010d2c4d9e4,fashion,의류,로브/랩타월,https://cafe24img.poxo.com/wigglewiggle20/web/product/medium/202210/e5d34e09508206363f09eaff05076945.jpg,라운지 로브 - Smile Cherry Argyle,119000,99900,,"1,804",false
6631ff4dd3631010d2c4d9e5,fashion,의류,로브/랩타월,https://cafe24img.poxo.com/wigglewiggle20/web/product/medium/202210/5bc05caec057a862cea250b82c6391fb.jpg,라운지 로브 - Don't Panic,119000,99900,,"1,804",false
6631ff4dd3631010d2c4d9e6,fashion,의류,로브/랩타월,https://cafe24img.poxo.com/wigglewiggle20/web/product/medium/202310/8214e1b8f52fbe1098e27e3c69267244.jpg,라운지 로브 - Dreamers,119000,99900,,146,false
6631ff4dd3631010d2c4d9e7,fashion,의류,로브/랩타월,https://cafe24img.poxo.com/wigglewiggle20/web/product/medium/202310/5b0b79ba679f9cd3044605d150be8c2b.jpg,키즈 로브 - Don't Panic,63000,54900,,129,false
6631ff4dd3631010d2c4d9e8,fashion,의류,로브/랩타월,https://cafe24img.poxo.com/wigglewiggle20/web/product/medium/202210/23d1a0b1a628750506798b0868e78040.jpg,배스 랩 타월 - Don't Panic,79000,69500,,911,false
6631ff4dd3631010d2c4d9e9,fashion,의류,로브/랩타월,https://cafe24img.poxo.com/wigglewiggle20/web/product/medium/202402/0108567fffac9e920814e9dc23ba7d9c.jpg,배스 랩 타월 - Smile Cherry Argyle,79000,69500,,911,false
6631ff4dd3631010d2c4d9ea,fashion,의류,로브/랩타월,https://cafe24img.poxo.com/wigglewiggle20/web/product/medium/202403/9d192fc19edefcc5d59645ad6532f815.jpg,배스 랩 타월 - Teddy Bear,79000,69500,,911,false
6631ff4dd3631010d2c4d9eb,fashion,의류,로브/랩타월,https://cafe24img.poxo.com/wigglewiggle20/web/product/medium/202310/7e5a095a28be5275ef26827e5504c807.jpg,라운지 로브 - Don't Panic_Green,119000,99900,,102,false
6631ff4dd3631010d2c4d9ec,fashion,의류,로브/랩타월,https://cafe24img.poxo.com/wigglewiggle20/web/product/medium/202110/99b84e9a693c578c85558df1d346933c.jpg,배스 랩 타월 - Smile We Love,79000,69500,,911,false
6631ff4dd3631010d2c4d9ed,fashion,의류,로브/랩타월,https://cafe24img.poxo.com/wigglewiggle20/web/product/medium/202309/80e6ddcd30db41cb1cd7ea8fccc3f7ee.jpg,라운지 로브 - Cherry,119000,99900,,118,false
6631ff56d3631010d2c4d9ef,fashion,의류,파자마,https://cafe24img.poxo.com/wigglewiggle20/web/product/medium/202311/2e482b612aa5921dd86d5e99f9f84057.jpg,파자마 세트(롱) - Don't Panic,99000,89100,10%,50,false
6631ff56d3631010d2c4d9f0,fashion,의류,파자마,https://cafe24img.poxo.com/wigglewiggle20/web/product/medium/202311/38551919abfd8c7a1d49d44f9ad4c00b.jpg,잠옷 원피스 - Dreaming WiggleBear,69000,65500,5%,55,false
6631ff5fd3631010d2c4d9f2,fashion,의류,상의,https://cafe24img.poxo.com/wigglewiggle20/web/product/medium/202310/3b74c7803b73ec370c5bb2981d8a25f5.jpg,오버 니트 - Don't Panic Milkcow,99000,68500,,26,false
6631ff5fd3631010d2c4d9f3,fashion,의류,상의,https://cafe24img.poxo.com/wigglewiggle20/web/product/medium/202310/19686026f5262fac6a115e3286dec79b.jpg,오버 니트 - Smile We Love,99000,68500,,15,false
6631ff5fd3631010d2c4d9f4,fashion,의류,상의,https://cafe24img.poxo.com/wigglewiggle20/web/product/medium/202307/9e5ac57a7112e161980b03f534a7e99f.jpg,[골든베어X위글위글] 반팔 크롭 폴로셔츠 - YELLOW,98000,68600,,4,false
6631ff5fd3631010d2c4d9f5,fashion,의류,상의,https://cafe24img.poxo.com/wigglewiggle20/web/product/medium/202307/987eb396ad210c9d63ecd305fe3348c3.jpg,[골든베어X위글위글] 나일론 스트레치 반팔 티셔츠 - GREEN,88000,61600,,2,false
6631ff5fd3631010d2c4d9f6,fashion,의류,상의,https://cafe24img.poxo.com/wigglewiggle20/web/product/medium/202307/dc218614f9b997ac9784b10bdac1d1f5.jpg,[골든베어X위글위글] 반팔 크롭 폴로셔츠 - PINK,98000,68600,,2,false
6631ff5fd3631010d2c4d9f7,fashion,의류,상의,https://cafe24img.poxo.com/wigglewiggle20/web/product/medium/202307/655753357e3e23aac9a70d1a4239c77f.jpg,[골든베어X위글위글] 나일론 스트레치 반팔 티셔츠 - RED,88000,61600,,2,false
6631ff67d3631010d2c4d9f9,fashion,의류,하의,https://cafe24img.poxo.com/wigglewiggle20/web/product/medium/202307/87a5ed0973dd1f2f1c3a206529271470.jpg,[골든베어X위글위글] 플레어 저지 스커트 - WHITE,88000,61600,,2,false
6631ff67d3631010d2c4d9fa,fashion,의류,하의,https://cafe24img.poxo.com/wigglewiggle20/web/product/medium/202307/5b33ef1338eb43c97c18c3b6e0e015c7.jpg,[골든베어X위글위글] 나일론 카고 쇼츠 - GREEN,88000,61600,,2,false
6631ff67d3631010d2c4d9fb,fashion,의류,하의,https://cafe24img.poxo.com/wigglewiggle20/web/product/medium/202307/9628980e13862d637c5a494c46cad100.jpg,[골든베어X위글위글] 나일론 카고 쇼츠 - RED,88000,61600,,2,false
6631ffddf77a808f799135e8,fashion,신발,-,https://cafe24img.poxo.com/wigglewiggle20/web/product/medium/202306/ceb6caef295c68e5cf343047ad89453b.jpg,[토앤토X위글위글] 플립플랍 기획세트 - CREAM,79000,63200,,172,false
6631ffddf77a808f799135e9,fashion,신발,-,https://cafe24img.poxo.com/wigglewiggle20/web/product/medium/202302/116e60178ebaebbc0a98adc4a3dd9212.jpg,스마일 위 러브 플랫폼 슬리퍼,62000,43400,,242,false
6631ffddf77a808f799135ea,fashion,신발,-,https://cafe24img.poxo.com/wigglewiggle20/web/product/medium/202307/444b7f30e23ca0d2751752b19a6ef42d.jpg,[보그스X위글위글] 아동용 레인부츠 - YELLOW,79000,63200,,36,false
6631ffddf77a808f799135eb,fashion,신발,-,https://cafe24img.poxo.com/wigglewiggle20/web/product/medium/202307/e4a0b4ddbf3775ffed04b3e934fd9727.jpg,[보그스X위글위글] 아동용 레인부츠 - PINK,79000,63200,,25,false
6631ffddf77a808f799135ec,fashion,신발,-,https://cafe24img.poxo.com/wigglewiggle20/web/product/medium/202306/0b4bfc43d797f1ac7e5ca4e3482c47b1.jpg,[토앤토X위글위글] 플립플랍 기획세트 - NAVY,79000,63200,,65,false
6631ffddf77a808f799135ed,fashion,신발,-,https://cafe24img.poxo.com/wigglewiggle20/web/product/medium/202307/04525f38036403474a83fd00df447609.jpg,[보그스X위글위글] 아동용 레인부츠 - BLUE,79000,63200,,18,false
6631ffe7f77a808f799135ef,fashion,가방,피크닉백,https://cafe24img.poxo.com/wigglewiggle20/web/product/medium/202208/485d0efa2836fbbdc93f1b83d2927e37.jpg,피크닉백 - Smile We Love,12800,12100,5%,346,false
6631ffe7f77a808f799135f0,fashion,가방,피크닉백,https://cafe24img.poxo.com/wigglewiggle20/web/product/medium/202305/2369857415026803cf3aec06e8caf263.jpg,피크닉백 - Popping Land,12800,12100,5%,83,false
6631ffe7f77a808f799135f1,fashion,가방,피크닉백,https://cafe24img.poxo.com/wigglewiggle20/web/product/medium/202205/79814cb7b6a4a8383cac0928036b7f6b.jpg,피크닉백 - Smile Check,12800,12100,5%,176,false
6631ffe7f77a808f799135f2,fashion,가방,피크닉백,https://cafe24img.poxo.com/wigglewiggle20/web/product/medium/202205/379918add35b38b0c3ca93875b92e5a1.jpg,피크닉백 - Garden,12800,12100,5%,193,false
6631ffe7f77a808f799135f3,fashion,가방,피크닉백,https://cafe24img.poxo.com/wigglewiggle20/web/product/medium/202305/0175ad528774080df8f96e30e7c6b987.jpg,피크닉백 - Vintage Cartoon,12800,12100,5%,74,false
6631ffe7f77a808f799135f4,fashion,가방,피크닉백,https://cafe24img.poxo.com/wigglewiggle20/web/product/medium/202108/235ec40639e4b0ecb50253613c567305.jpg,피크닉백 - Smile Garden,12800,12100,5%,181,false
6631fff0f77a808f799135f6,fashion,가방,쇼퍼백,https://cafe24img.poxo.com/wigglewiggle20/web/product/medium/202401/2852ea1b60342c242433c16cdb5c498e.jpg,리유저블 쇼퍼백(S/M/L) - Hound Tooth Check,12900,10900,,"1,235",false
6631fff0f77a808f799135f7,fashion,가방,쇼퍼백,https://cafe24img.poxo.com/wigglewiggle20/web/product/medium/202401/54ff6621eab3f987a8ba21fec857ae6e.jpg,리유저블 쇼퍼백(S/M/L) - Teddy Bear,12900,10900,,994,false
6631fff0f77a808f799135f8,fashion,가방,쇼퍼백,https://cafe24img.poxo.com/wigglewiggle20/web/product/medium/202307/c9c77b74e446ca30376e3cd7dc0ceeca.jpg,타포린백(M) - Rainbow Crush Smile,6900,6900,,920,false
6631fff0f77a808f799135f9,fashion,가방,쇼퍼백,https://cafe24img.poxo.com/wigglewiggle20/web/product/medium/202401/c667acfeb542cf7ec9c139d4337251d9.jpg,리유저블 쇼퍼백(S) - Popping Land,12900,10900,,104,false
6631fff0f77a808f799135fa,fashion,가방,쇼퍼백,https://cafe24img.poxo.com/wigglewiggle20/web/product/medium/202401/c4d3e0501a2f2cf0b6d6d57d1a612d58.jpg,리유저블 쇼퍼백(M) - Pizza Time,14900,12900,,93,false
6631fff0f77a808f799135fb,fashion,가방,쇼퍼백,https://cafe24img.poxo.com/wigglewiggle20/web/product/medium/202208/c5795e7d3e8561359d974626e7370e0b.jpg,타포린백(L) - Rainbow Crush Smile,8900,7500,,920,false
6631fff0f77a808f799135fc,fashion,가방,쇼퍼백,https://cafe24img.poxo.com/wigglewiggle20/web/product/medium/202401/327aca31a465a363b6dfa4e97385ace0.jpg,리유저블 쇼퍼백(L) - Super Market,16900,14900,,62,false
6631fff0f77a808f799135fd,fashion,가방,쇼퍼백,https://cafe24img.poxo.com/wigglewiggle20/web/product/medium/202307/88ae4df679f08903c80e42b77fa61552.jpg,타포린백(L) - Checkerboard,8900,7500,,667,false
6631fff8f77a808f799135ff,fashion,액세서리,실리콘참,https://cafe24img.poxo.com/wigglewiggle20/web/product/medium/202302/cdd6591c76b1547a713562f59fd89748.jpg,풀림방지 실리콘참 3 SET - Smile We Love,12600,11900,6%,556,false
6631fff8f77a808f79913600,fashion,액세서리,실리콘참,https://cafe24img.poxo.com/wigglewiggle20/web/product/medium/202208/9e64d0797ed1e540e9046efa5bc38e6d.jpg,풀림방지 실리콘참 3 SET - Bear,16500,15600,5%,184,false
6631fff8f77a808f79913601,fashion,액세서리,실리콘참,https://cafe24img.poxo.com/wigglewiggle20/web/product/medium/202302/fbc07226ac0a5ffa64ed3e7fdf20742a.jpg,실리콘참(S) - 6종 SET,21000,19900,5%,316,false
6631fff8f77a808f79913602,fashion,액세서리,실리콘참,https://cafe24img.poxo.com/wigglewiggle20/web/product/medium/202305/5ddf97495108cb5a5649f4ed32da933b.jpg,실리콘참 5종 SET - Honey Bee,26800,23900,,146,false
6631fff8f77a808f79913603,fashion,액세서리,실리콘참,https://cafe24img.poxo.com/wigglewiggle20/web/product/medium/202305/23b2796806bc8cf7d5acc1b050ca599c.jpg,젤리참 5종 SET - Bear Friends,26800,23900,,91,false
6631fff8f77a808f79913604,fashion,액세서리,실리콘참,https://cafe24img.poxo.com/wigglewiggle20/web/product/medium/202307/cc10d290a54757bf0cd7425f5e2e2f4d.jpg,풀림방지 실리콘참 3 SET - Cherry,12600,11900,6%,243,false
66320001f77a808f79913606,fashion,액세서리,우산,https://cafe24img.poxo.com/wigglewiggle20/web/product/medium/202302/cf50f9b7ef9d4f26c47bd2c641df49bb.jpg,투명우산 - Smile We Love,16800,15100,10%,650,false
66320001f77a808f79913607,fashion,액세서리,우산,https://cafe24img.poxo.com/wigglewiggle20/web/product/medium/202302/30f451ee5a438d88e1189b84afb5ce2a.jpg,투명우산(돔형) - Smile We Love,13000,13000,,409,false
66320001f77a808f79913608,fashion,액세서리,우산,https://cafe24img.poxo.com/wigglewiggle20/web/product/medium/202403/f37e4c46fe0184c5e5c610451460c0ad.jpg,키즈 우산 - Cotton Candy,16800,15100,10%,279,false
66320001f77a808f79913609,fashion,액세서리,우산,https://cafe24img.poxo.com/wigglewiggle20/web/product/medium/202208/694a202c1b69d88c11cd1e63cbc245eb.jpg,암막 양우산 - Bears,34000,27200,,986,false
66320001f77a808f7991360a,fashion,액세서리,우산,https://cafe24img.poxo.com/wigglewiggle20/web/product/medium/202208/8f12071ff9e0fd5fab4a498304d0bf82.jpg,우드 장우산 - Smile Argyle,35000,29700,,218,false
66320001f77a808f7991360b,fashion,액세서리,우산,https://cafe24img.poxo.com/wigglewiggle20/web/product/medium/202208/a2b8929f18b9c6d3f83631933f145972.jpg,암막 양우산 - Smile We Love,34000,27200,,986,false
66320001f77a808f7991360c,fashion,액세서리,우산,https://cafe24img.poxo.com/wigglewiggle20/web/product/medium/202208/bb646092eb2e784db4a6acddfe53e981.jpg,투명우산 - Little Bear,16800,15100,10%,202,false
66320001f77a808f7991360d,fashion,액세서리,우산,https://cafe24img.poxo.com/wigglewiggle20/web/product/medium/202206/0ebb4acf7b109b63081391625bd55904.jpg,암막 양우산 - Garden,34000,27200,,986,false
66320001f77a808f7991360e,fashion,액세서리,우산,https://cafe24img.poxo.com/wigglewiggle20/web/product/medium/202302/874e960f35383ec34a142eb696228744.jpg,투명우산 - Alley Cat,16800,15100,10%,203,false
66320001f77a808f7991360f,fashion,액세서리,우산,https://cafe24img.poxo.com/wigglewiggle20/web/product/medium/202208/5ff2f936ed111a5455397b36c350d94d.jpg,투명우산 - Teddy Bear,16800,15100,10%,236,false
66320001f77a808f79913610,fashion,액세서리,우산,https://cafe24img.poxo.com/wigglewiggle20/web/product/medium/202402/0335b1259444fc859c19678db42fc950.jpg,우드 장우산 - Smile_Check,35000,29700,,296,false
66320001f77a808f79913611,fashion,액세서리,우산,https://cafe24img.poxo.com/wigglewiggle20/web/product/medium/202311/5a307ef214985d4663785dc26fae6951.jpg,블루밍 장우산 - Daisy Garden,35000,32900,6%,150,false
66320001f77a808f79913612,fashion,액세서리,우산,https://cafe24img.poxo.com/wigglewiggle20/web/product/medium/202208/16ea1eaa6454cf2e4c529350b5e53c8a.jpg,투명우산 - Cocktail Party,16800,14900,,28,false
66320001f77a808f79913613,fashion,액세서리,우산,https://cafe24img.poxo.com/wigglewiggle20/web/product/medium/202205/7181fbbfc5bc44db31637fef7b37551a.jpg,투명우산 - Sugar Candy Cherry,16800,15100,10%,158,false
6632000af77a808f79913615,fashion,액세서리,양말,https://cafe24img.poxo.com/wigglewiggle20/web/product/medium/202401/e22ea13e75cbb2e7741c9cc2d6a1abe1.jpg,패턴 양말,7900,5900,,254,false
6632000af77a808f79913616,fashion,액세서리,양말,https://cafe24img.poxo.com/wigglewiggle20/web/product/medium/202310/eb3d5ed5458b72f86061d92516735c40.jpg,키즈 패턴 양말 6종 세트 - Daily Kids Socks,27200,24800,9%,126,false
6632000af77a808f79913617,fashion,액세서리,양말,https://cafe24img.poxo.com/wigglewiggle20/web/product/medium/202401/02b6eaf6accf432e85c58a0d78209f6e.jpg,겨울양말,11900,7900,,502,false
66320013f77a808f79913619,fashion,액세서리,키링/배지,https://cafe24img.poxo.com/wigglewiggle20/web/product/medium/202108/18f451cf46b56b87c3d3473b9553601f.jpg,소프트키링 - Smile We Love,10800,9700,10%,499,false
66320013f77a808f7991361a,fashion,액세서리,키링/배지,https://cafe24img.poxo.com/wigglewiggle20/web/product/medium/202206/834e2ce642163fc81296e4ffdec9b339.jpg,빅 소프트 키링 - Smile We Love,13900,11800,,315,false
66320013f77a808f7991361b,fashion,액세서리,키링/배지,https://cafe24img.poxo.com/wigglewiggle20/web/product/medium/202401/6e3ec266a726ce1650a1e0709b1061a7.jpg,토이 키링,26800,24000,10%,194,false
66320013f77a808f7991361c,fashion,액세서리,키링/배지,https://cafe24img.poxo.com/wigglewiggle20/web/product/medium/202404/84a9beb4c779e6d8e25a41643a773008.jpg,메탈 참 키링,14400,12900,10%,,false
66320013f77a808f7991361d,fashion,액세서리,키링/배지,https://cafe24img.poxo.com/wigglewiggle20/web/product/medium/202404/21fd5e173fcd9284a558dedb6a3636f0.jpg,메탈 배지,13800,12400,10%,,false
6632001bf77a808f7991361f,fashion,액세서리,기타용품,https://cafe24img.poxo.com/wigglewiggle20/web/product/medium/202401/2b7f305eb8bf5b2fb73d94dd73656783.jpg,다용도 안경닦이,4500,4500,,224,false
66320024f77a808f79913621,outdoor,차량용품,주차번호판,https://cafe24img.poxo.com/wigglewiggle20/web/product/medium/202302/d6c83a301663ee4b54c62dee416eb741.jpg,주차번호판 - Teddy Bear,13800,13100,5%,259,false
66320024f77a808f79913622,outdoor,차량용품,주차번호판,https://cafe24img.poxo.com/wigglewiggle20/web/product/medium/202109/53dc1d9715a0c1f7fec629c40af321f8.jpg,주차번호판 - Smile We Love,13800,13100,5%,319,false
66320024f77a808f79913623,outdoor,차량용품,주차번호판,https://cafe24img.poxo.com/wigglewiggle20/web/product/medium/202311/6f250d660358301e495992e6da485d8d.jpg,[벨리곰X위글위글] 주차번호판,13800,13100,5%,52,false
66320024f77a808f79913624,outdoor,차량용품,주차번호판,https://cafe24img.poxo.com/wigglewiggle20/web/product/medium/202308/e95eeec837cbc93919602b2ccdcc9194.jpg,주차번호판 - On My Way,13800,9900,,74,false
66320024f77a808f79913625,outdoor,차량용품,주차번호판,https://cafe24img.poxo.com/wigglewiggle20/web/product/medium/202401/9c497472f06fdf0a98020ac03ec57be2.jpg,주차번호판 - Run To You,13800,13100,5%,73,false
66320024f77a808f79913626,outdoor,차량용품,주차번호판,https://cafe24img.poxo.com/wigglewiggle20/web/product/medium/202401/17eb5601771a8bf0818a35dba6afda3f.jpg,주차번호판 - Popping Land,13800,13100,5%,49,false
66320024f77a808f79913627,outdoor,차량용품,주차번호판,https://cafe24img.poxo.com/wigglewiggle20/web/product/medium/202308/543d04df8e53be1ef62fe9276a07bf26.jpg,주차번호판 - Coming Soon,13800,9900,,23,false
66320024f77a808f79913628,outdoor,차량용품,주차번호판,https://cafe24img.poxo.com/wigglewiggle20/web/product/medium/202208/85082893e687f81e85ba48b3fee7c806.jpg,주차번호판 - Cat,13800,13100,5%,201,false
6632002df77a808f7991362a,outdoor,차량용품,방향제,https://cafe24img.poxo.com/wigglewiggle20/web/product/medium/202401/df53a20aac4995bd7941ba22c318b0c5.jpg,차량용 방향제,32700,29800,9%,664,false
6632002df77a808f7991362b,outdoor,차량용품,방향제,https://cafe24img.poxo.com/wigglewiggle20/web/product/medium/202311/bd4b259b243958b5d54c9614a46b4065.jpg,차량용 방향제 리필,6000,6000,,131,false
6632002df77a808f7991362c,outdoor,차량용품,방향제,https://cafe24img.poxo.com/wigglewiggle20/web/product/medium/202311/0f6aff739e53049b3994092c31ee9f42.jpg,[벨리곰X위글위글] 차량용 방향제,32700,29800,9%,137,false
66320035f77a808f7991362e,outdoor,피크닉,피크닉용품,https://cafe24img.poxo.com/wigglewiggle20/web/product/medium/202306/9eb66b79fb24fd53959178da1a88a4e8.png,피크닉매트 - Smile We Love Checkerboard,29800,26800,10%,226,false
66320035f77a808f7991362f,outdoor,피크닉,피크닉용품,https://cafe24img.poxo.com/wigglewiggle20/web/product/medium/202306/09997554494f5aea3be16836653356fe.png,피크닉매트 - Popping Land,29800,26800,10%,98,false
66320035f77a808f79913630,outdoor,피크닉,피크닉용품,https://cafe24img.poxo.com/wigglewiggle20/web/product/medium/202307/93e65d74bd18fad187a368feb90fefdf.png,피크닉매트 - Surfing Bear,29800,26800,10%,33,false
66320035f77a808f79913631,outdoor,피크닉,피크닉용품,https://cafe24img.poxo.com/wigglewiggle20/web/product/medium/202302/c1e883716d812a63bd661c16b26c2f74.jpg,와인 마개 - Smile We Love,11900,10300,,366,false
66320035f77a808f79913632,outdoor,피크닉,피크닉용품,https://cafe24img.poxo.com/wigglewiggle20/web/product/medium/202208/50b090c79e6dcace5594199232b01c13.jpg,피크닉매트 - Smile we Love,29800,26800,10%,209,false
6632003ef77a808f79913634,outdoor,피크닉,보냉백,https://cafe24img.poxo.com/wigglewiggle20/web/product/medium/202401/549c110d39b66dea09cad87930a0fbdf.jpg,보냉백(S/L) - Smile We Love,15800,12900,,"2,231",false
6632003ef77a808f79913635,outdoor,피크닉,보냉백,https://cafe24img.poxo.com/wigglewiggle20/web/product/medium/202401/e75126d1c617febf410a799894653d28.png,보냉백(S/L) - Smile Garden,15800,13900,,631,false
6632003ef77a808f79913636,outdoor,피크닉,보냉백,https://cafe24img.poxo.com/wigglewiggle20/web/product/medium/202401/41ea8d462f37a2ef26fb6bdecc08a181.jpg,보냉백(S/L) - Wiggle Bear,15800,12900,,522,false
6632003ef77a808f79913637,outdoor,피크닉,보냉백,https://cafe24img.poxo.com/wigglewiggle20/web/product/medium/202401/728f767cf18c9cdeef8fa43eed4979b5.jpg,투웨이 보냉백(M/L) - Cherry,25800,21900,,291,false
6632003ef77a808f79913638,outdoor,피크닉,보냉백,https://cafe24img.poxo.com/wigglewiggle20/web/product/medium/202401/50f0937073fce1e10a760a39736adfb3.jpg,투웨이 보냉백(M/L)  - Smile Diamond,25800,21900,,351,false
6632003ef77a808f79913639,outdoor,피크닉,보냉백,https://cafe24img.poxo.com/wigglewiggle20/web/product/medium/202307/f9dbcdcfe45b2ec4d11ea8f94fab0d9c.jpg,투웨이 보냉백(M) - Camping Bear,25800,21900,,99,false
6632003ef77a808f7991363a,outdoor,피크닉,보냉백,https://cafe24img.poxo.com/wigglewiggle20/web/product/medium/202307/b77a03392796d132d294aad8cb8b8a29.jpg,투웨이 보냉백(L) - Camping Bear,29800,26800,10%,119,false
66320047f77a808f7991363c,outdoor,캠핑/여행,침구류,https://cafe24img.poxo.com/wigglewiggle20/web/product/medium/202302/283e5fb95275093ae1313e155a966543.jpg,쿠션담요 - Smile We Love,42800,31800,,501,false
66320047f77a808f7991363d,outdoor,캠핑/여행,침구류,https://cafe24img.poxo.com/wigglewiggle20/web/product/medium/202302/a4054f09ea23d52b4043e547766f8202.jpg,쿠션담요 - Teddy Bear,42800,31800,,461,false
66320047f77a808f7991363e,outdoor,캠핑/여행,침구류,https://cafe24img.poxo.com/wigglewiggle20/web/product/medium/202306/9eb66b79fb24fd53959178da1a88a4e8.png,피크닉매트 - Smile We Love Checkerboard,29800,26800,10%,226,false
66320047f77a808f7991363f,outdoor,캠핑/여행,침구류,https://cafe24img.poxo.com/wigglewiggle20/web/product/medium/202302/fdfd246c2dd2505839d7f689846e9df0.jpg,사각 러그 - Checkerboard,49800,43800,,558,false
66320047f77a808f79913640,outdoor,캠핑/여행,침구류,https://cafe24img.poxo.com/wigglewiggle20/web/product/medium/202306/09997554494f5aea3be16836653356fe.png,피크닉매트 - Popping Land,29800,26800,10%,98,false
66320047f77a808f79913641,outdoor,캠핑/여행,침구류,https://cafe24img.poxo.com/wigglewiggle20/web/product/medium/202205/71ceedb3a6de6702e3a92cf7f67f4ed2.jpg,사각 러그 - Camping Bear,49800,43800,,558,false
66320047f77a808f79913642,outdoor,캠핑/여행,침구류,https://cafe24img.poxo.com/wigglewiggle20/web/product/medium/202307/93e65d74bd18fad187a368feb90fefdf.png,피크닉매트 - Surfing Bear,29800,26800,10%,33,false
66320047f77a808f79913643,outdoor,캠핑/여행,침구류,https://cafe24img.poxo.com/wigglewiggle20/web/product/medium/202208/50b090c79e6dcace5594199232b01c13.jpg,피크닉매트 - Smile we Love,29800,26800,10%,209,false
66320050f77a808f79913645,outdoor,캠핑/여행,파우치,https://cafe24img.poxo.com/wigglewiggle20/web/product/medium/202401/4d1b6e8729c4e4cf008b8de09acdbe9f.jpg,패드 파우치,12800,9900,,744,false
66320050f77a808f79913646,outdoor,캠핑/여행,파우치,https://cafe24img.poxo.com/wigglewiggle20/web/product/medium/202302/08b623c37015c18972da1f81f0531d62.jpg,코튼 파우치 - Smile We Love,9800,9800,,690,false
66320059f77a808f79913648,outdoor,캠핑/여행,캠핑용품,https://cafe24img.poxo.com/wigglewiggle20/web/product/medium/202310/e3fd7f2771488b21fcf2921ba78286b4.jpg,캠핑 조명 SET - Travel Edition,78300,68900,,8,false
66320059f77a808f79913649,outdoor,캠핑/여행,캠핑용품,https://cafe24img.poxo.com/wigglewiggle20/web/product/medium/202307/b3049f364aa325259f3459f967aceaa3.jpg,폴딩카트 - Smile We Love,48000,47200,2%,310,false
66320062f77a808f7991364b,outdoor,스포츠,골프,https://cafe24img.poxo.com/wigglewiggle20/web/product/medium/202206/834e2ce642163fc81296e4ffdec9b339.jpg,빅 소프트 키링 - Smile We Love,13900,11800,,315,false
66320062f77a808f7991364c,outdoor,스포츠,골프,https://cafe24img.poxo.com/wigglewiggle20/web/product/medium/202307/9e5ac57a7112e161980b03f534a7e99f.jpg,[골든베어X위글위글] 반팔 크롭 폴로셔츠 - YELLOW,98000,68600,,4,false
66320062f77a808f7991364d,outdoor,스포츠,골프,https://cafe24img.poxo.com/wigglewiggle20/web/product/medium/202307/987eb396ad210c9d63ecd305fe3348c3.jpg,[골든베어X위글위글] 나일론 스트레치 반팔 티셔츠 - GREEN,88000,61600,,2,false
66320062f77a808f7991364e,outdoor,스포츠,골프,https://cafe24img.poxo.com/wigglewiggle20/web/product/medium/202307/dc218614f9b997ac9784b10bdac1d1f5.jpg,[골든베어X위글위글] 반팔 크롭 폴로셔츠 - PINK,98000,68600,,2,false
66320062f77a808f7991364f,outdoor,스포츠,골프,https://cafe24img.poxo.com/wigglewiggle20/web/product/medium/202307/87a5ed0973dd1f2f1c3a206529271470.jpg,[골든베어X위글위글] 플레어 저지 스커트 - WHITE,88000,61600,,2,false
66320062f77a808f79913650,outdoor,스포츠,골프,https://cafe24img.poxo.com/wigglewiggle20/web/product/medium/202307/5b33ef1338eb43c97c18c3b6e0e015c7.jpg,[골든베어X위글위글] 나일론 카고 쇼츠 - GREEN,88000,61600,,2,false
66320062f77a808f79913651,outdoor,스포츠,골프,https://cafe24img.poxo.com/wigglewiggle20/web/product/medium/202307/655753357e3e23aac9a70d1a4239c77f.jpg,[골든베어X위글위글] 나일론 스트레치 반팔 티셔츠 - RED,88000,61600,,2,false
66320062f77a808f79913652,outdoor,스포츠,골프,https://cafe24img.poxo.com/wigglewiggle20/web/product/medium/202307/9628980e13862d637c5a494c46cad100.jpg,[골든베어X위글위글] 나일론 카고 쇼츠 - RED,88000,61600,,2,false
6632006bf77a808f79913654,outdoor,스포츠,테니스,https://cafe24img.poxo.com/wigglewiggle20/web/product/medium/202304/8771e1247b34314d51ee7bf42691030d.jpg,테니스 댐프너 - 4종 SET,18900,14900,,99,false
66320074f77a808f79913656,digital,모바일,폰케이스,https://cafe24img.poxo.com/wigglewiggle20/web/product/medium/202308/68da1426be7a34c2e5bb24b1dd3a446e.jpg,[주문제작] 갤럭시Z플립5 투명케이스,23000,17200,,64,false
66320074f77a808f79913657,digital,모바일,폰케이스,https://cafe24img.poxo.com/wigglewiggle20/web/product/medium/202307/2c8f37dfcd0101c7bed84b5925d42364.jpg,[주문제작]투명 카드케이스 - Funny Puppy,25000,19500,,7,false
66320074f77a808f79913658,digital,모바일,폰케이스,https://cafe24img.poxo.com/wigglewiggle20/web/product/medium/202307/01a6c4fa6d9eb3f3f2d454ff4447a3d5.jpg,[주문제작]투명 카드케이스 - Calming Turtle,25000,19500,,20,false
66320074f77a808f79913659,digital,모바일,폰케이스,https://cafe24img.poxo.com/wigglewiggle20/web/product/medium/202307/9afaf2745ed1a413e895dd3aa94b15f3.jpg,[주문제작]투명 카드케이스 - Sweet Candy,25000,19500,,12,false
66320074f77a808f7991365a,digital,모바일,폰케이스,https://cafe24img.poxo.com/wigglewiggle20/web/product/medium/202304/ae6d4fec1ee0d2f74de4e9b369ec1d8e.jpg,[주문제작] 투명 카드케이스 - Fluffy Rabbit,25000,19500,,5,false
66320074f77a808f7991365b,digital,모바일,폰케이스,https://cafe24img.poxo.com/wigglewiggle20/web/product/medium/202304/bb4321533dc85c45f369043a5c6ddf5d.jpg,[주문제작] 투명 카드케이스 - Little Play Bunny,25000,19500,,26,false
66320074f77a808f7991365c,digital,모바일,폰케이스,https://cafe24img.poxo.com/wigglewiggle20/web/product/medium/202210/3cb874c23441673a3257de02cf5bafba.jpg,[주문제작]투명 카드케이스 - Honey Bee,25000,19500,,403,false
66320074f77a808f7991365d,digital,모바일,폰케이스,https://cafe24img.poxo.com/wigglewiggle20/web/product/medium/202210/95e607bb849555b29f8e56cebe0d2df5.jpg,[주문제작]투명 카드케이스 - Couch Potato,25000,19500,,403,false
66320074f77a808f7991365e,digital,모바일,폰케이스,https://cafe24img.poxo.com/wigglewiggle20/web/product/medium/202210/4a5c9789cef0ff774bfc8f3820427e6f.jpg,[주문제작] 갤럭시Z플립 투명케이스 4,23000,17200,,51,false
66320074f77a808f7991365f,digital,모바일,폰케이스,https://cafe24img.poxo.com/wigglewiggle20/web/product/medium/202210/4c49cb2650e25b2171c742c8b35d6a08.jpg,[주문제작] 투명케이스 - Honey Bee,23000,17200,,71,false
66320074f77a808f79913660,digital,모바일,폰케이스,https://cafe24img.poxo.com/wigglewiggle20/web/product/medium/202210/2f0e70016b9a3ebf3490c174abe851d0.jpg,[주문제작] 투명케이스 - Couch Potato,23000,17200,,42,false
66320074f77a808f79913661,digital,모바일,폰케이스,https://cafe24img.poxo.com/wigglewiggle20/web/product/medium/202209/86d8f5919d476c90513c0d26f096ff34.png,[주문제작]투명 카드케이스 - Jelly Happy Mix,25000,19500,,403,false
66320074f77a808f79913662,digital,모바일,폰케이스,https://cafe24img.poxo.com/wigglewiggle20/web/product/medium/202302/78f49f8586b57e06e0d665daa89fc9ae.jpg,[주문제작]투명 카드케이스 - Balloon Bear,25000,19500,,403,false
66320074f77a808f79913663,digital,모바일,폰케이스,https://cafe24img.poxo.com/wigglewiggle20/web/product/medium/202209/400c8cf830260ed01e86e871326ee4e5.png,[주문제작]투명 카드케이스 - Twinkle Smile,25000,19500,,403,false
66320074f77a808f79913664,digital,모바일,폰케이스,https://cafe24img.poxo.com/wigglewiggle20/web/product/medium/202206/cd6c97e8e9026211f9d55de2076aa992.png,[주문제작] 갤럭시Z플립 투명케이스 3,23000,17200,,53,false
66320074f77a808f79913665,digital,모바일,폰케이스,https://cafe24img.poxo.com/wigglewiggle20/web/product/medium/202206/f87fae6f524acb4953503fb20780022f.png,[주문제작] 투명케이스 - Balloon,23000,17200,,43,false
66320074f77a808f79913666,digital,모바일,폰케이스,https://cafe24img.poxo.com/wigglewiggle20/web/product/medium/202206/b711ae757764389aae283338e9674ad7.png,[주문제작] 투명케이스 - Happiness Wit Love,23000,17200,,78,false
66320074f77a808f79913667,digital,모바일,폰케이스,https://cafe24img.poxo.com/wigglewiggle20/web/product/medium/202111/006ffb63f4e8e1f8007dfca48b04e6f6.jpg,[주문제작] 갤럭시Z플립 투명케이스,23000,17200,,118,false
66320074f77a808f79913668,digital,모바일,폰케이스,https://cafe24img.poxo.com/wigglewiggle20/web/product/medium/202302/5486297a9ee680adaf0e8d6ac219c764.jpg,[주문제작] 투명케이스 - Sticker Pack,23000,17200,,208,false
66320074f77a808f79913669,digital,모바일,폰케이스,https://cafe24img.poxo.com/wigglewiggle20/web/product/medium/202109/33868a3c9347da99700245bf4cda1693.jpg,[주문제작] 투명케이스 - Composition Book,23000,17200,,42,false
66320075f77a808f7991366a,digital,모바일,폰케이스,https://cafe24img.poxo.com/wigglewiggle20/web/product/medium/202109/18e9436d2139b03a5908b15ef9df9424.jpg,[주문제작] 투명케이스 - Flower Bed,23000,17200,,96,false
6632007df77a808f7991366c,digital,모바일,그립톡,https://cafe24img.poxo.com/wigglewiggle20/web/product/medium/202302/02145da1c1229917208140134d3e3d7e.jpg,빅그립톡 - Smile We Love,16800,14200,,302,false
6632007df77a808f7991366d,digital,모바일,그립톡,https://cafe24img.poxo.com/wigglewiggle20/web/product/medium/202108/f52b469f1703df7630d0bcf8aeba5339.jpg,그립톡 - Smile We Love,14800,11800,,147,false
6632007df77a808f7991366e,digital,모바일,그립톡,https://cafe24img.poxo.com/wigglewiggle20/web/product/medium/202205/f5d381cc8f431fe895b8dd172bf02d24.jpg,빅그립톡 - Bear,16800,14200,,145,false
6632007df77a808f7991366f,digital,모바일,그립톡,https://cafe24img.poxo.com/wigglewiggle20/web/product/medium/202108/bbef3b2a9c478ea8097646066792594f.jpg,하트그립톡 - Bear,14800,9900,,83,false
6632007df77a808f79913670,digital,모바일,그립톡,https://cafe24img.poxo.com/wigglewiggle20/web/product/medium/202108/3e16bd7412560dbc1fb29b969c28f5f4.jpg,하트그립톡 - Forever Love,14800,9900,,49,false
6632007df77a808f79913671,digital,모바일,그립톡,https://cafe24img.poxo.com/wigglewiggle20/web/product/medium/202108/493ab2c02084e2920841b84bb9e12e64.jpg,하트그립톡 - Cat,14800,12500,,53,false
6632007ef77a808f79913672,digital,모바일,그립톡,https://cafe24img.poxo.com/wigglewiggle20/web/product/medium/202307/13b881f17e576845f5d3d338aff00708.jpg,빅그립톡 - Calming Turtle,16800,11900,,12,false
6632007ef77a808f79913673,digital,모바일,그립톡,https://cafe24img.poxo.com/wigglewiggle20/web/product/medium/202307/ca2923f5aef9720a207ec1fe87f5a7ae.jpg,빅그립톡 - Sweet Candy,16800,11900,,4,false
66320086f77a808f79913675,digital,PC/노트북/패드,마우스/키보드,https://cafe24img.poxo.com/wigglewiggle20/web/product/medium/202401/410c3c1f7131f9ea43d5c8e355af84ca.png,[앱코X위글위글] 키보드 - Color Mix,38200,38200,,404,false
66320086f77a808f79913676,digital,PC/노트북/패드,마우스/키보드,https://cafe24img.poxo.com/wigglewiggle20/web/product/medium/202401/c310d876f7ec03c32757b3b048a5df44.jpg,말랑 무선마우스,20100,18900,6%,164,false
66320086f77a808f79913677,digital,PC/노트북/패드,마우스/키보드,https://cafe24img.poxo.com/wigglewiggle20/web/product/medium/202402/c38fc5e366c560084765297618c266b5.jpg,마우스패드,4900,4900,,202,false
66320086f77a808f79913678,digital,PC/노트북/패드,마우스/키보드,https://cafe24img.poxo.com/wigglewiggle20/web/product/medium/202402/6d0bec7b96437d212e67f805b03399ac.jpg,마우스패드,4900,4900,,174,false
66320086f77a808f79913679,digital,PC/노트북/패드,마우스/키보드,https://cafe24img.poxo.com/wigglewiggle20/web/product/medium/202210/c652edd4886b4145e295f6b153d1ecd3.jpg,말랑 무선마우스 & 마우스패드 SET - Smile Bubble,25000,23500,6%,71,false
66320086f77a808f7991367a,digital,PC/노트북/패드,마우스/키보드,https://cafe24img.poxo.com/wigglewiggle20/web/product/medium/202404/5c579c4ed3ddcd16ffca89eb269a6295.jpg,[앱코X위글위글] 무선 키보드 & 키패드 & 마우스 SET,78800,69800,,9,false
66320086f77a808f7991367b,digital,PC/노트북/패드,마우스/키보드,https://cafe24img.poxo.com/wigglewiggle20/web/product/medium/202308/1bbc2564e839a831e9911555b61a30e2.jpg,[앱코X위글위글] 버티컬 마우스 - Ivory,49800,49800,,125,false
66320086f77a808f7991367c,digital,PC/노트북/패드,마우스/키보드,https://cafe24img.poxo.com/wigglewiggle20/web/product/medium/202308/ecf4f99f65292988bf29064eb356ec9d.jpg,[앱코X위글위글] 버티컬 마우스 - Purple,49800,49800,,97,false
6632008ff77a808f7991367e,digital,PC/노트북/패드,파우치/가방,https://cafe24img.poxo.com/wigglewiggle20/web/product/medium/202401/9e435025d82c1fe0415f9c661ee77853.jpg,포켓 에어팟 파우치,19800,15800,,185,false
6632008ff77a808f7991367f,digital,PC/노트북/패드,파우치/가방,https://cafe24img.poxo.com/wigglewiggle20/web/product/medium/202401/0f4c880ef01ed9cbe6fe7869a4d26086.jpg,포켓 노트북파우치,49800,39800,,256,false
6632008ff77a808f79913680,digital,PC/노트북/패드,파우치/가방,https://cafe24img.poxo.com/wigglewiggle20/web/product/medium/202401/b6f4f7c17cae60ab50ad8ba1e98925f2.jpg,포켓 아이패드 파우치,33000,26000,,153,false
6632008ff77a808f79913681,digital,PC/노트북/패드,파우치/가방,https://cafe24img.poxo.com/wigglewiggle20/web/product/medium/202212/42d47aef0abd277ebc0b08551b44d8de.jpg,노트북 투웨이백 - Black,68000,59800,,187,false
66320098f77a808f79913683,digital,카메라,일회용 카메라,https://cafe24img.poxo.com/wigglewiggle20/web/product/medium/202401/5011d97d0d06d1704da48ded5f6139f0.jpg,일회용 카메라,36000,28800,,36,false
663200a0f77a808f79913685,electronics,-,-,https://cafe24img.poxo.com/wigglewiggle20/web/product/medium/202404/1cf62ed8482e75abb15a5d841150880b.jpg,[SK매직X위글위글] 미니 정수기,199000,199000,,,false
663200a0f77a808f79913686,electronics,-,-,https://cafe24img.poxo.com/wigglewiggle20/web/product/medium/202404/c7481c06b0ca2d12a95bdfe840ebf808.jpg,[SK매직X위글위글] 초소형 직수 정수기,999999999999,999999999999,,,false
663200a9f77a808f79913688,family,키즈,의류,https://cafe24img.poxo.com/wigglewiggle20/web/product/medium/202310/5b0b79ba679f9cd3044605d150be8c2b.jpg,키즈 로브 - Don't Panic,63000,54900,,129,false
663200b2f77a808f7991368a,family,키즈,잡화,https://cafe24img.poxo.com/wigglewiggle20/web/product/medium/202310/eb3d5ed5458b72f86061d92516735c40.jpg,키즈 패턴 양말 6종 세트 - Daily Kids Socks,27200,24800,9%,126,false
663200b2f77a808f7991368b,family,키즈,잡화,https://cafe24img.poxo.com/wigglewiggle20/web/product/medium/202403/f37e4c46fe0184c5e5c610451460c0ad.jpg,키즈 우산 - Cotton Candy,16800,15100,10%,279,false
663200b2f77a808f7991368c,family,키즈,잡화,https://cafe24img.poxo.com/wigglewiggle20/web/product/medium/202402/5c1cef7d40c367624c0c5dcb24a69937.jpg,키즈 욕실슬리퍼(210) - Rainbow Smile,18600,16700,10%,27,false
663200b2f77a808f7991368d,family,키즈,잡화,https://cafe24img.poxo.com/wigglewiggle20/web/product/medium/202402/6c9a1c434d5f83cd9d6f19266b7d07e3.jpg,키즈 욕실슬리퍼(195) - Cloud Bear,18600,16700,10%,24,false
663200bbf77a808f7991368f,family,펫,장난감,https://cafe24img.poxo.com/wigglewiggle20/web/product/medium/202301/357b0054f29e256420c7e3b9f970508b.jpg,라텍스 해피토이 세트,19900,16900,,67,false
663200bbf77a808f79913690,family,펫,장난감,https://cafe24img.poxo.com/wigglewiggle20/web/product/medium/202211/4cbb630b1568eceaea66f26d28f143fc.jpg,캣 스크래처 박스 - Cherry,9900,7900,,59,false
663200c5f77a808f79913692,family,펫,용품,https://cafe24img.poxo.com/wigglewiggle20/web/product/medium/202401/43a872d86ac7437fd687cdba961f84bd.jpg,야간산책 LED펜던트,14800,13300,10%,570,false
663200c5f77a808f79913693,family,펫,용품,https://cafe24img.poxo.com/wigglewiggle20/web/product/medium/202401/cf0000b98f89eb2964138e1df77221ee.jpg,리드줄,24600,15900,,87,false
663200c5f77a808f79913694,family,펫,용품,https://cafe24img.poxo.com/wigglewiggle20/web/product/medium/202301/83d2080c3f87cb55da7f99bc7fb6b722.jpg,펫 해피 쿠션 - Space Trip,99000,66900,,72,false
663200c5f77a808f79913695,family,펫,용품,https://cafe24img.poxo.com/wigglewiggle20/web/product/medium/202211/67388ff91976ba2cc79655f2aa874256.jpg,펫 해피 쿠션 - UFO,99000,66900,,75,false
663200c5f77a808f79913696,family,펫,용품,https://cafe24img.poxo.com/wigglewiggle20/web/product/medium/202301/9591150617bfb65add732b25220100e2.jpg,펫 해피 쿠션 - Captain,129000,81900,,95,false
663200cef77a808f79913698,collabo,ARENA,여성 수영복,https://cafe24img.poxo.com/wigglewiggle20/web/product/medium/202404/6807cea6adc6feb121246fe7b3809b58.jpg,[아레나X위글위글] 여성 수영복 -  Smile We Love Stripe,109000,109000,,,false
663200cef77a808f79913699,collabo,ARENA,여성 수영복,https://cafe24img.poxo.com/wigglewiggle20/web/product/medium/202404/c7b6c4b97be0c2f4c3f61b1634deab17.jpg,[아레나X위글위글] 여성 수영복 -  Wiggle Land,109000,109000,,,false
663200cef77a808f7991369a,collabo,ARENA,여성 수영복,https://cafe24img.poxo.com/wigglewiggle20/web/product/medium/202404/1f46a6f356ea37dc0dea331ae1c22dc7.jpg,[아레나X위글위글] 여성 수영복 -  Smile We Love Hound Tooth Check,109000,109000,,,false
663200cef77a808f7991369b,collabo,ARENA,여성 수영복,https://cafe24img.poxo.com/wigglewiggle20/web/product/medium/202404/6df07fb9247b84bafa56aa55d0c5a02a.jpg,[아레나X위글위글] 여성 수영복 - Teddy Bear,109000,109000,,,false
663200cef77a808f7991369c,collabo,ARENA,여성 수영복,https://cafe24img.poxo.com/wigglewiggle20/web/product/medium/202404/aced7fc80eb4feda0668f4023ac2d56f.jpg,[아레나X위글위글] 성인 수모 - Smile We Love Orange,23000,23000,,,false
663200cef77a808f7991369d,collabo,ARENA,여성 수영복,https://cafe24img.poxo.com/wigglewiggle20/web/product/medium/202404/3f83a410874286f1d1a58f45bffba2c3.jpg,[아레나X위글위글] 성인 수모 - Wiggle Land Pink,23000,23000,,,false
663200cef77a808f7991369e,collabo,ARENA,여성 수영복,https://cafe24img.poxo.com/wigglewiggle20/web/product/medium/202404/e5b492443ea9f3c883bc910ccd18fea7.jpg,[아레나X위글위글] 수영 가방,55000,55000,,2,false
663200cef77a808f7991369f,collabo,ARENA,여성 수영복,https://cafe24img.poxo.com/wigglewiggle20/web/product/medium/202404/59a4b052269f0977ce857179c4b110a0.jpg,[아레나X위글위글] 수경 케이스,25000,25000,,2,false
663200cef77a808f799136a0,collabo,ARENA,여성 수영복,https://cafe24img.poxo.com/wigglewiggle20/web/product/medium/202404/3a5712faacb01bbd88f30a2fcf530025.jpg,[아레나X위글위글] 성인 수모 - Smile We Love White,23000,23000,,1,false
663200cef77a808f799136a1,collabo,ARENA,여성 수영복,https://cafe24img.poxo.com/wigglewiggle20/web/product/medium/202404/7c23cc477cbd707ce8b3da1ddfa7de09.jpg,[아레나X위글위글] 성인 수모 - Teddy Bear Blue,23000,23000,,,false
663200d7f77a808f799136a3,collabo,ARENA,키즈 수영복,https://cafe24img.poxo.com/wigglewiggle20/web/product/medium/202404/94276fa4b4cf5b32e25d365e6c49dff6.jpg,[아레나X위글위글] 키즈 수영복 - Teddy Bear,89000,89000,,,false
663200d7f77a808f799136a4,collabo,ARENA,키즈 수영복,https://cafe24img.poxo.com/wigglewiggle20/web/product/medium/202404/c766fa06bf1a30835fdf9441538fbab2.jpg,[아레나X위글위글] 키즈 수영복 - Smile We Love Stripe,89000,89000,,,false
663200d7f77a808f799136a5,collabo,ARENA,키즈 수영복,https://cafe24img.poxo.com/wigglewiggle20/web/product/medium/202404/c52e09867a7f568a217b0dfa263fe71e.jpg,[아레나X위글위글] 키즈 수영복 - Smile We Love Hound Tooth Check,89000,89000,,,false
663200d7f77a808f799136a6,collabo,ARENA,키즈 수영복,https://cafe24img.poxo.com/wigglewiggle20/web/product/medium/202404/d3610525a4d7aec2d6e4fcdbb8346128.jpg,[아레나X위글위글] 키즈 수영복 - Wiggle Land,89000,89000,,1,false
663200dff77a808f799136a8,collabo,ARENA,수모/ACC,//wiggle-wiggle.com/web/product/medium/202404/59a4b052269f0977ce857179c4b110a0.jpg,[아레나X위글위글] 수경 케이스,25000,25000,,2,false
663200dff77a808f799136a9,collabo,ARENA,수모/ACC,//wiggle-wiggle.com/web/product/medium/202404/e5b492443ea9f3c883bc910ccd18fea7.jpg,[아레나X위글위글] 수영 가방,55000,55000,,2,false
663200dff77a808f799136aa,collabo,ARENA,수모/ACC,//wiggle-wiggle.com/web/product/medium/202404/3f83a410874286f1d1a58f45bffba2c3.jpg,[아레나X위글위글] 성인 수모 - Wiggle Land Pink,23000,23000,,,false
663200dff77a808f799136ab,collabo,ARENA,수모/ACC,//wiggle-wiggle.com/web/product/medium/202404/aced7fc80eb4feda0668f4023ac2d56f.jpg,[아레나X위글위글] 성인 수모 - Smile We Love Orange,23000,23000,,,false
663200dff77a808f799136ac,collabo,ARENA,수모/ACC,//wiggle-wiggle.com/web/product/medium/202404/7c23cc477cbd707ce8b3da1ddfa7de09.jpg,[아레나X위글위글] 성인 수모 - Teddy Bear Blue,23000,23000,,,false
663200dff77a808f799136ad,collabo,ARENA,수모/ACC,//wiggle-wiggle.com/web/product/medium/202404/3a5712faacb01bbd88f30a2fcf530025.jpg,[아레나X위글위글] 성인 수모 - Smile We Love White,23000,23000,,1,false
663200e8f77a808f799136af,collabo,Bellygom,-,//wiggle-wiggle.com/web/product/medium/202311/a47d7d3a37cee5216e3f62e54ea6db2d.jpg,[벨리곰X위글위글] 욕실 슬리퍼,21800,18900,,169,false
663200e8f77a808f799136b0,collabo,Bellygom,-,//wiggle-wiggle.com/web/product/medium/202311/0f6aff739e53049b3994092c31ee9f42.jpg,[벨리곰X위글위글] 차량용 방향제,32700,29800,9%,137,false
663200e8f77a808f799136b1,collabo,Bellygom,-,//wiggle-wiggle.com/web/product/medium/202401/d02e3ab53a0591b9c870f78f5c22e899.jpg,[벨리곰X위글위글] PVC 펜 - Twin Bears,4500,4500,,84,false
663200e8f77a808f799136b2,collabo,Bellygom,-,//wiggle-wiggle.com/web/product/medium/202311/d54146dab48215d1339309bf15ffa097.jpg,[벨리곰X위글위글] 발매트,29600,26900,9%,80,false
663200e8f77a808f799136b3,collabo,Bellygom,-,//wiggle-wiggle.com/web/product/medium/202311/6f250d660358301e495992e6da485d8d.jpg,[벨리곰X위글위글] 주차번호판,13800,13100,5%,52,false
663200e8f77a808f799136b4,collabo,Bellygom,-,//wiggle-wiggle.com/web/product/medium/202310/15b85bfbb0f4fd442163ca647eaf2e44.jpg,[벨리곰X위글위글] 스프링 노트 - Twin Bears,14500,13200,9%,31,false
663200f0f77a808f799136b6,collabo,Locknlock,-,//wiggle-wiggle.com/web/product/medium/202308/fa4962a95e802296be47a2c5715b6c73.jpg,[락앤락X위글위글] 쉐이크 텀블러 - Muscle Bear,24900,18500,,478,false
663200f0f77a808f799136b7,collabo,Locknlock,-,//wiggle-wiggle.com/web/product/medium/202402/43b1c80bfc2d2f0dee335ebe8f3c540c.jpg,[락앤락X위글위글] 메트로 텀블러,33000,27600,,640,false
663200f0f77a808f799136b8,collabo,Locknlock,-,//wiggle-wiggle.com/web/product/medium/202208/2419d05dd9030fe057df9b472c1fca56.jpg,[락앤락X위글위글] 테이블 머그,28000,23400,,284,false
663200f0f77a808f799136b9,collabo,Locknlock,-,//wiggle-wiggle.com/web/product/medium/202309/4e87c3a3825b499e1721dc8a896d2602.jpg,[글라스락X위글위글] 실리콘 스파우트 컵  - Blue,24900,20100,,19,false
663200f0f77a808f799136ba,collabo,Locknlock,-,//wiggle-wiggle.com/web/product/medium/202309/ed94869d68ebbf981440dfa78300422f.jpg,[글라스락X위글위글] 실리콘 스파우트 컵  - Yellow,24900,20100,,13,false
663200f0f77a808f799136bb,collabo,Locknlock,-,//wiggle-wiggle.com/web/product/medium/202302/34312643e845df8a7f27d41a8079ef71.jpg,[락앤락X위글위글] 스윙 텀블러,29800,28300,5%,707,false
663200f9f77a808f799136bd,collabo,Glasslock,-,//wiggle-wiggle.com/web/product/medium/202302/4ea36374de9e7ed6e41a3048f3b89276.jpg,[글라스락X위글위글] 유리컵 - Smile We Love 2개 SET,17800,15700,,924,false
663200f9f77a808f799136be,collabo,Glasslock,-,//wiggle-wiggle.com/web/product/medium/202404/76252435b3b93afbb8cd1ff0dbf8ba6a.jpg,[글라스락X위글위글] 하이볼 글라스 세트 - Wiggle Bear,15900,12800,,1,false
663200f9f77a808f799136bf,collabo,Glasslock,-,//wiggle-wiggle.com/web/product/medium/202404/bb5165f51356a98809e977b5edeb5453.jpg,[글라스락X위글위글] 주류 선물세트,21900,17700,,1,false
663200faf77a808f799136c0,collabo,Glasslock,-,//wiggle-wiggle.com/web/product/medium/202404/ea130fbe67db091eac53069fa428d1bd.jpg,[글라스락X위글위글] 하이볼 글라스 세트 - Smile We Love,15900,12800,,1,false
663200faf77a808f799136c1,collabo,Glasslock,-,//wiggle-wiggle.com/web/product/medium/202404/e0fea1872607fef2152d7cee8e53afe1.jpg,[글라스락X위글위글] 가든 머그 490ml,15900,12800,,,false
663200faf77a808f799136c2,collabo,Glasslock,-,//wiggle-wiggle.com/web/product/medium/202404/aed3d1150f45d0ad91bdca6b9ac88ae1.jpg,[글라스락X위글위글] 가든 머그 380ml,13900,11200,,,false
663200faf77a808f799136c3,collabo,Glasslock,-,//wiggle-wiggle.com/web/product/medium/202309/4e87c3a3825b499e1721dc8a896d2602.jpg,[글라스락X위글위글] 실리콘 스파우트 컵  - Blue,24900,20100,,19,false
663200faf77a808f799136c4,collabo,Glasslock,-,//wiggle-wiggle.com/web/product/medium/202310/d28fdf377ae21f67c54c7a90eaf13c64.jpg,[글라스락X위글위글] 이유식 4종 SET,39900,32300,,16,false
663200faf77a808f799136c5,collabo,Glasslock,-,//wiggle-wiggle.com/web/product/medium/202309/ed94869d68ebbf981440dfa78300422f.jpg,[글라스락X위글위글] 실리콘 스파우트 컵  - Yellow,24900,20100,,13,false
66320104f77a808f799136c7,collabo,Ki Eun Se,-,//wiggle-wiggle.com/web/product/medium/202401/56476785924f2c374e7b3b00628c344e.jpeg,[기은세X위글위글] 주방장갑 & 앞치마 SET - Smile Stripe,79000,47400,,44,false
66320104f77a808f799136c8,collabo,Ki Eun Se,-,//wiggle-wiggle.com/web/product/medium/202401/9d5699555eaf3830e4779e3fc86110d2.jpeg,[기은세X위글위글] 오븐장갑 & 숏앞치마 SET - Blooming Garden,79000,51100,,33,false
66320104f77a808f799136c9,collabo,Ki Eun Se,-,//wiggle-wiggle.com/web/product/medium/202401/dfd6434d3a6e5c4fc8fd39242d9fa9b5.jpeg,[기은세X위글위글] 오븐장갑 & 숏앞치마 SET - Smile Stripe,79000,51100,,17,false
6632010cf77a808f799136cb,collabo,Goldenbear,-,//wiggle-wiggle.com/web/product/medium/202307/9e5ac57a7112e161980b03f534a7e99f.jpg,[골든베어X위글위글] 반팔 크롭 폴로셔츠 - YELLOW,98000,68600,,4,false
6632010cf77a808f799136cc,collabo,Goldenbear,-,//wiggle-wiggle.com/web/product/medium/202307/987eb396ad210c9d63ecd305fe3348c3.jpg,[골든베어X위글위글] 나일론 스트레치 반팔 티셔츠 - GREEN,88000,61600,,2,false
6632010cf77a808f799136cd,collabo,Goldenbear,-,//wiggle-wiggle.com/web/product/medium/202307/dc218614f9b997ac9784b10bdac1d1f5.jpg,[골든베어X위글위글] 반팔 크롭 폴로셔츠 - PINK,98000,68600,,2,false
6632010cf77a808f799136ce,collabo,Goldenbear,-,//wiggle-wiggle.com/web/product/medium/202307/87a5ed0973dd1f2f1c3a206529271470.jpg,[골든베어X위글위글] 플레어 저지 스커트 - WHITE,88000,61600,,2,false
6632010cf77a808f799136cf,collabo,Goldenbear,-,//wiggle-wiggle.com/web/product/medium/202307/5b33ef1338eb43c97c18c3b6e0e015c7.jpg,[골든베어X위글위글] 나일론 카고 쇼츠 - GREEN,88000,61600,,2,false
6632010cf77a808f799136d0,collabo,Goldenbear,-,//wiggle-wiggle.com/web/product/medium/202307/655753357e3e23aac9a70d1a4239c77f.jpg,[골든베어X위글위글] 나일론 스트레치 반팔 티셔츠 - RED,88000,61600,,2,false
6632010cf77a808f799136d1,collabo,Goldenbear,-,//wiggle-wiggle.com/web/product/medium/202307/9628980e13862d637c5a494c46cad100.jpg,[골든베어X위글위글] 나일론 카고 쇼츠 - RED,88000,61600,,2,false
66320115f77a808f799136d3,collabo,KAKAOFRIENDS,-,//wiggle-wiggle.com/web/product/medium/202404/f967055f55207410c0343b6f92ee7806.jpg,[카카오프렌즈X위글위글] 폴딩카트,49000,49000,,3,false
66320115f77a808f799136d4,collabo,KAKAOFRIENDS,-,//wiggle-wiggle.com/web/product/medium/202404/381bfbbd7bc510a5fb0506ce02842e52.jpg,[카카오프렌즈X위글위글] 보냉백,22000,22000,,9,false
66320115f77a808f799136d5,collabo,KAKAOFRIENDS,-,//wiggle-wiggle.com/web/product/medium/202404/061fcbdb916db5e749d3008b459ef0d4.png,[카카오프렌즈X위글위글] 도시락통,13000,13000,,12,false
66320115f77a808f799136d6,collabo,KAKAOFRIENDS,-,//wiggle-wiggle.com/web/product/medium/202403/ee2d59de02975b27b7111d9f49670e12.jpg,[카카오프렌즈X위글위글] 코튼 파우치,12000,12000,,14,false
66320115f77a808f799136d7,collabo,KAKAOFRIENDS,-,//wiggle-wiggle.com/web/product/medium/202403/4ac5bc39c9f52e41c1cc41a5ef6b1473.jpg,[카카오프렌즈X위글위글] 여권지갑,10000,10000,,6,false
66320115f77a808f799136d8,collabo,KAKAOFRIENDS,-,//wiggle-wiggle.com/web/product/medium/202403/ab5eb0a684983582331a14719ebe0a68.jpg,[카카오프렌즈X위글위글] 기내용 캐리어,120000,120000,,6,false
6632011ef77a808f799136da,collabo,ABKO,-,//wiggle-wiggle.com/web/product/medium/202401/410c3c1f7131f9ea43d5c8e355af84ca.png,[앱코X위글위글] 키보드 - Color Mix,38200,38200,,404,false
6632011ef77a808f799136db,collabo,ABKO,-,//wiggle-wiggle.com/web/product/medium/202404/5c579c4ed3ddcd16ffca89eb269a6295.jpg,[앱코X위글위글] 무선 키보드 & 키패드 & 마우스 SET,78800,69800,,9,false
6632011ef77a808f799136dc,collabo,ABKO,-,//wiggle-wiggle.com/web/product/medium/202308/1bbc2564e839a831e9911555b61a30e2.jpg,[앱코X위글위글] 버티컬 마우스 - Ivory,49800,49800,,125,false
6632011ef77a808f799136dd,collabo,ABKO,-,//wiggle-wiggle.com/web/product/medium/202308/ecf4f99f65292988bf29064eb356ec9d.jpg,[앱코X위글위글] 버티컬 마우스 - Purple,49800,49800,,97,false
